loss,learning_rate
3.2571773529052734,0.001
2.9542019367218018,0.001
2.6086509227752686,0.001
2.365900754928589,0.001
2.1106371879577637,0.001
1.9008054733276367,0.001
1.7281821966171265,0.001
1.6207566261291504,0.001
1.5445390939712524,0.001
1.4763357639312744,0.001
1.4365763664245605,0.001
1.3967502117156982,0.001
1.3719491958618164,0.001
1.3504735231399536,0.001
1.3317793607711792,0.001
1.3300902843475342,0.001
1.3042361736297607,0.001
1.2925554513931274,0.001
1.2749990224838257,0.001
1.266137719154358,0.001
1.2489440441131592,0.001
1.2455720901489258,0.001
1.2305474281311035,0.001
1.2141348123550415,0.001
1.1898472309112549,0.001
1.1886916160583496,0.001
1.1775697469711304,0.001
1.1523860692977905,0.001
1.1406996250152588,0.001
1.1092429161071777,0.001
1.1028659343719482,0.001
1.06740140914917,0.001
1.064352035522461,0.001
1.0255100727081299,0.001
0.9954119920730591,0.001
0.9724467992782593,0.001
0.9387233257293701,0.001
0.9105879664421082,0.001
0.8721878528594971,0.001
0.8335648775100708,0.001
0.7967210412025452,0.001
0.7578742504119873,0.001
0.7236096262931824,0.001
0.7067710161209106,0.001
0.63588547706604,0.001
0.5912400484085083,0.001
0.5673282146453857,0.001
0.49575167894363403,0.001
0.4635743796825409,0.001
0.4280824065208435,0.001
0.3788664937019348,0.001
0.35181838274002075,0.001
0.3163456320762634,0.001
0.29446589946746826,0.001
0.2697908878326416,0.001
0.2581114172935486,0.001
0.24207597970962524,0.001
0.23275738954544067,0.001
0.22165395319461823,0.001
0.2139480710029602,0.001
0.20478537678718567,0.001
0.19940198957920074,0.001
0.19264653325080872,0.001
0.18525822460651398,0.001
0.18303051590919495,0.001
0.1748775839805603,0.001
0.16928884387016296,0.001
0.16487915813922882,0.001
0.1611933708190918,0.001
0.15583059191703796,0.001
0.1526268720626831,0.001
0.15026968717575073,0.001
0.14510712027549744,0.001
0.14239293336868286,0.001
0.13853055238723755,0.001
0.1363186091184616,0.001
0.13272207975387573,0.001
0.1299726366996765,0.001
0.1257087141275406,0.001
0.12316013872623444,0.001
0.1209961473941803,0.001
0.11839628219604492,0.001
0.11696663498878479,0.001
0.11523912101984024,0.001
0.11213010549545288,0.001
0.10986337810754776,0.001
0.10835046321153641,0.001
0.10597832500934601,0.001
0.1044420525431633,0.001
0.10235421359539032,0.001
0.09956865012645721,0.001
0.09898723661899567,0.001
0.09680556505918503,0.001
0.09533736854791641,0.001
0.09387077391147614,0.001
0.09221728146076202,0.001
0.09079645574092865,0.001
0.08955290913581848,0.001
0.08837306499481201,0.001
0.08667005598545074,0.001
0.08542126417160034,0.001
0.08504316210746765,0.001
0.08310982584953308,0.001
0.08157871663570404,0.001
0.08086952567100525,0.001
0.07899679243564606,0.001
0.07829175889492035,0.001
0.07747811079025269,0.001
0.07650327682495117,0.001
0.07504633069038391,0.001
0.07355901598930359,0.001
0.07323849946260452,0.001
0.0721343457698822,0.001
0.07136871665716171,0.001
0.0707474797964096,0.001
0.06926260888576508,0.001
0.06852522492408752,0.001
0.06811580806970596,0.001
0.06648678332567215,0.001
0.06515718251466751,0.001
0.06450341641902924,0.001
0.06463724374771118,0.001
0.06300123780965805,0.001
0.06210188567638397,0.001
0.061559900641441345,0.001
0.061007894575595856,0.001
0.06019322946667671,0.001
0.05964365601539612,0.001
0.05915677174925804,0.001
0.05787794291973114,0.001
0.057129304856061935,0.001
0.0564776286482811,0.001
0.05608347803354263,0.001
0.05516926199197769,0.001
0.054574884474277496,0.001
0.05447663366794586,0.001
0.05382198095321655,0.001
0.052938465029001236,0.001
0.05256355181336403,0.001
0.05186529457569122,0.001
0.051042668521404266,0.001
0.05063382908701897,0.001
0.05017273128032684,0.001
0.049978166818618774,0.001
0.048966825008392334,0.001
0.04893682524561882,0.001
0.04821647331118584,0.001
0.04740413278341293,0.001
0.04709731414914131,0.001
0.04678571969270706,0.001
0.04610764980316162,0.001
0.045953381806612015,0.001
0.04537215083837509,0.001
0.04470900818705559,0.001
0.04432243853807449,0.001
0.04390678554773331,0.001
0.04345940798521042,0.001
0.04327884316444397,0.001
0.042573459446430206,0.001
0.04239147901535034,0.001
0.0423007532954216,0.001
0.04157927632331848,0.001
0.041370972990989685,0.001
0.04057350009679794,0.001
0.040120311081409454,0.001
0.03985327482223511,0.001
0.03925350680947304,0.001
0.038899146020412445,0.001
0.03861696273088455,0.001
0.03834805637598038,0.001
0.03830522298812866,0.001
0.03772459179162979,0.001
0.03740166127681732,0.001
0.037020422518253326,0.001
0.03667378053069115,0.001
0.03645165637135506,0.001
0.03602951765060425,0.001
0.035833947360515594,0.001
0.03572440892457962,0.001
0.03536899387836456,0.001
0.03488292172551155,0.001
0.03453923016786575,0.001
0.03430265188217163,0.001
0.0340065099298954,0.001
0.034018389880657196,0.001
0.033323824405670166,0.001
0.033131953328847885,0.001
0.03283684700727463,0.001
0.03252781927585602,0.001
0.032502226531505585,0.001
0.03201381489634514,0.001
0.03164537996053696,0.001
0.03169217333197594,0.001
0.03136609494686127,0.001
0.031054094433784485,0.001
0.030650371685624123,0.001
0.03060239925980568,0.001
0.030138572677969933,0.001
0.02999328449368477,0.001
0.029667865484952927,0.001
0.029476307332515717,0.001
0.029516858980059624,0.001
0.02946826070547104,0.001
0.02881837636232376,0.001
0.028482556343078613,0.001
0.028361845761537552,0.001
0.027998995035886765,0.001
0.0279826782643795,0.001
0.027709590271115303,0.001
0.02752159908413887,0.001
0.027383219450712204,0.001
0.027229664847254753,0.001
0.026880109682679176,0.001
0.026524020358920097,0.001
0.02653902769088745,0.001
0.02631264179944992,0.001
0.02604038082063198,0.001
0.02612065151333809,0.001
0.025732947513461113,0.001
0.025563225150108337,0.001
0.025474082678556442,0.001
0.025251159444451332,0.001
0.02515043132007122,0.001
0.024929234758019447,0.001
0.024584408849477768,0.001
0.02444816194474697,0.001
0.02429533377289772,0.001
0.02407873049378395,0.001
0.02384825423359871,0.001
0.02376565709710121,0.001
0.023658832535147667,0.001
0.0234234519302845,0.001
0.023377083241939545,0.001
0.02333208918571472,0.001
0.023227646946907043,0.001
0.023119403049349785,0.001
0.022772550582885742,0.001
0.022639313712716103,0.001
0.022395767271518707,0.001
0.022182868793606758,0.001
0.02207641303539276,0.001
0.021848494186997414,0.001
0.021890023723244667,0.001
0.021528545767068863,0.001
0.021505841985344887,0.001
0.021283945068717003,0.001
0.021120531484484673,0.001
0.020970584824681282,0.001
0.020907960832118988,0.001
0.020763223990797997,0.001
0.020801227539777756,0.001
0.020511630922555923,0.001
0.020357687026262283,0.001
0.020406220108270645,0.001
0.020192746073007584,0.001
0.01997363567352295,0.001
0.02014734223484993,0.001
0.019791997969150543,0.001
0.019635481759905815,0.001
0.01943514496088028,0.001
0.01943025551736355,0.001
0.01949869655072689,0.001
0.019150003790855408,0.001
0.01901119388639927,0.001
0.018932975828647614,0.001
0.018813753500580788,0.001
0.01880543678998947,0.001
0.018642164766788483,0.001
0.01841341331601143,0.001
0.01827578991651535,0.001
0.018214428797364235,0.001
0.018327221274375916,0.001
0.01801951974630356,0.001
0.017955390736460686,0.001
0.017747635021805763,0.001
0.017775820568203926,0.001
0.01776033639907837,0.001
0.0174554493278265,0.001
0.01731082797050476,0.001
0.017312487587332726,0.001
0.017094483599066734,0.001
0.01694963499903679,0.001
0.016929036006331444,0.001
0.016905875876545906,0.001
0.01680637337267399,0.001
0.016731921583414078,0.001
0.016508392989635468,0.001
0.016414165496826172,0.001
0.01633455976843834,0.001
0.016283966600894928,0.001
0.01613963581621647,0.001
0.015998855233192444,0.001
0.0161261186003685,0.001
0.015993386507034302,0.001
0.015699945390224457,0.001
0.015725623816251755,0.001
0.01567351631820202,0.001
0.01540462952107191,0.001
0.015511776320636272,0.001
0.015361987054347992,0.001
0.015308285132050514,0.001
0.015224847942590714,0.001
0.015164364129304886,0.001
0.014955626800656319,0.001
0.014953505247831345,0.001
0.01484980434179306,0.001
0.014710146933794022,0.001
0.01479050051420927,0.001
0.01463945023715496,0.001
0.01454764325171709,0.001
0.014393551275134087,0.001
0.014335976913571358,0.001
0.01424233615398407,0.001
0.014224153012037277,0.001
0.014147641137242317,0.001
0.014051971957087517,0.001
0.014008114114403725,0.001
0.013873385265469551,0.001
0.013846449553966522,0.001
0.013710163533687592,0.001
0.013669434934854507,0.001
0.013552793301641941,0.001
0.013506672345101833,0.001
0.013472693040966988,0.001
0.013352451846003532,0.001
0.013261163607239723,0.001
0.013487031683325768,0.001
0.013199069537222385,0.001
0.013184778392314911,0.001
0.01303021889179945,0.001
0.01305878534913063,0.001
0.012989937327802181,0.001
0.012814545072615147,0.001
0.012772150337696075,0.001
0.012653125450015068,0.001
0.012600277550518513,0.001
0.01257962267845869,0.001
0.012555711902678013,0.001
0.012708095833659172,0.001
0.012310508638620377,0.001
0.012305972166359425,0.001
0.012310943566262722,0.001
0.012200468219816685,0.001
0.012076154351234436,0.001
0.012034271843731403,0.001
0.01212907675653696,0.001
0.012065044604241848,0.001
0.011862954124808311,0.001
0.011846275068819523,0.001
0.01180519349873066,0.001
0.011719340458512306,0.001
0.011860156431794167,0.001
0.011560470797121525,0.001
0.011597431264817715,0.001
0.011567620560526848,0.001
0.011458203196525574,0.001
0.011331422254443169,0.001
0.0112684965133667,0.001
0.011257627978920937,0.001
0.01130901649594307,0.001
0.011202940717339516,0.001
0.01113375835120678,0.001
0.011047730222344398,0.001
0.011021921411156654,0.001
0.010922701098024845,0.001
0.010897157713770866,0.001
0.010815957561135292,0.001
0.010773111134767532,0.001
0.01081401389092207,0.001
0.010671192780137062,0.001
0.010607918724417686,0.001
0.010643864050507545,0.001
0.010871931910514832,0.001
0.010459506884217262,0.001
0.010412320494651794,0.001
0.010387033224105835,0.001
0.010406038723886013,0.001
0.010195773094892502,0.001
0.010205099359154701,0.001
0.01011563464999199,0.001
0.01020159013569355,0.001
0.010168993845582008,0.001
0.009989235550165176,0.001
0.01023321133106947,0.001
0.009894110262393951,0.001
0.009935414418578148,0.001
0.009905511513352394,0.001
0.009853188879787922,0.001
0.009799030609428883,0.001
0.009767632931470871,0.001
0.009623685851693153,0.001
0.009691023267805576,0.001
0.00961377564817667,0.001
0.00957696046680212,0.001
0.009573022834956646,0.001
0.009427474811673164,0.001
0.00950022041797638,0.001
0.009721338748931885,0.001
0.009439497254788876,0.001
0.009349873289465904,0.001
0.009324656799435616,0.001
0.009406207129359245,0.001
0.009253593161702156,0.001
0.009232455864548683,0.001
0.009171847254037857,0.001
0.009080840274691582,0.001
0.009038622491061687,0.001
0.009035986848175526,0.001
0.008951632305979729,0.001
0.008947296068072319,0.001
0.008945027366280556,0.001
0.00885930098593235,0.001
0.008862043730914593,0.001
0.008719336241483688,0.001
0.008676938712596893,0.001
0.008690236136317253,0.001
0.008650091476738453,0.001
0.008680137805640697,0.001
0.008536736480891705,0.001
0.008647637441754341,0.001
0.008523492142558098,0.001
0.008472193032503128,0.001
0.008380686864256859,0.001
0.008362434804439545,0.001
0.008317617699503899,0.001
0.00834638997912407,0.001
0.008266661316156387,0.001
0.00825488194823265,0.001
0.008170105516910553,0.001
0.008221706375479698,0.001
0.008221588097512722,0.001
0.008099902421236038,0.001
0.008097965270280838,0.001
0.008109282702207565,0.001
0.0079586086794734,0.001
0.007993469014763832,0.001
0.007912922650575638,0.001
0.007891137152910233,0.001
0.007845824584364891,0.001
0.007827449589967728,0.001
0.007813431322574615,0.001
0.007766027003526688,0.001
0.007808825001120567,0.001
0.007703916169703007,0.001
0.007649012841284275,0.001
0.007583064027130604,0.001
0.007648858241736889,0.001
0.007536383345723152,0.001
0.007593101821839809,0.001
0.00754852220416069,0.001
0.007478704676032066,0.001
0.007446440868079662,0.001
0.007493572309613228,0.001
0.0074461703188717365,0.001
0.007360646966844797,0.001
0.0073581477627158165,0.001
0.007368601392954588,0.001
0.007290691137313843,0.001
0.007297963835299015,0.001
0.007208392955362797,0.001
0.007271883077919483,0.001
0.007154294289648533,0.001
0.007119812071323395,0.001
0.0071859173476696014,0.001
0.007082117721438408,0.001
0.007058586925268173,0.001
0.00704179797321558,0.001
0.007032472640275955,0.001
0.00698713306337595,0.001
0.006906726397573948,0.001
0.0069568101316690445,0.001
0.00694297207519412,0.001
0.006899249739944935,0.001
0.006818950176239014,0.001
0.006818343419581652,0.001
0.006837132386863232,0.001
0.006899570114910603,0.001
0.0067529515363276005,0.001
0.00669783353805542,0.001
0.006696052383631468,0.001
0.006725274957716465,0.001
0.006682670209556818,0.001
0.006586935371160507,0.001
0.006574436090886593,0.001
0.006578623317182064,0.001
0.006523256190121174,0.001
0.0064898026175796986,0.001
0.006458135321736336,0.001
0.00659145088866353,0.001
0.006480740383267403,0.001
0.006453942973166704,0.001
0.006396740674972534,0.001
0.006368495058268309,0.001
0.006298758089542389,0.001
0.006321378983557224,0.001
0.006307773292064667,0.001
0.006330377887934446,0.001
0.006212669424712658,0.001
0.006256764754652977,0.001
0.00622086226940155,0.001
0.006182492710649967,0.001
0.006130930967628956,0.001
0.006104974541813135,0.001
0.006156281568109989,0.001
0.006071961484849453,0.001
0.006083204876631498,0.001
0.006041340995579958,0.001
0.006020532920956612,0.001
0.006036574020981789,0.001
0.005989672150462866,0.001
0.005959820933640003,0.001
0.005957549903541803,0.001
0.0058983126655220985,0.001
0.005965744145214558,0.001
0.00586063414812088,0.001
0.005846177227795124,0.001
0.005898238159716129,0.001
0.005811593495309353,0.001
0.006062553264200687,0.001
0.005726546980440617,0.001
0.005823662970215082,0.001
0.0058821882121264935,0.001
0.005868622101843357,0.001
0.005873066373169422,0.001
0.005998198874294758,0.001
0.005811537615954876,0.001
0.005863701459020376,0.001
0.005746533628553152,0.001
0.005635482259094715,0.001
0.005637497175484896,0.001
0.005627005826681852,0.001
0.005652274005115032,0.001
0.005516798235476017,0.001
0.005527232773602009,0.001
0.005534319207072258,0.001
0.0054979268461465836,0.001
0.005531001836061478,0.001
0.0054410481825470924,0.001
0.005429583601653576,0.001
0.005382828880101442,0.001
0.005453769117593765,0.001
0.005371895618736744,0.001
0.005325856618583202,0.001
0.005334007553756237,0.001
0.005315507762134075,0.001
0.005261128768324852,0.001
0.0052560437470674515,0.001
0.005233036354184151,0.001
0.005219339858740568,0.001
0.005242477171123028,0.001
0.005186945199966431,0.001
0.005134302657097578,0.001
0.005132054910063744,0.001
0.005090981721878052,0.001
0.005087454803287983,0.001
0.0050855232402682304,0.001
0.0050588445737957954,0.001
0.005070663057267666,0.001
0.0050207264721393585,0.001
0.00502794049680233,0.001
0.0050363061018288136,0.001
0.004991121590137482,0.001
0.004991248250007629,0.001
0.005010783672332764,0.001
0.004914220422506332,0.001
0.004919469356536865,0.001
0.004902881104499102,0.001
0.004910075571388006,0.001
0.004875984974205494,0.001
0.004835374653339386,0.001
0.0048004998825490475,0.001
0.004830353427678347,0.001
0.004800637252628803,0.001
0.004778504371643066,0.001
0.004772980231791735,0.001
0.004840604495257139,0.001
0.004766334313899279,0.001
0.004812606610357761,0.001
0.004678115248680115,0.001
0.004683083854615688,0.001
0.004648365080356598,0.001
0.004609868861734867,0.001
0.004629252478480339,0.001
0.004614043049514294,0.001
0.004644795320928097,0.001
0.004614036995917559,0.001
0.004591931123286486,0.001
0.004632853902876377,0.001
0.004549731500446796,0.001
0.0045158518478274345,0.001
0.004559621214866638,0.001
0.0045386324636638165,0.001
0.0045130327343940735,0.001
0.004474330693483353,0.001
0.004503877367824316,0.001
0.004484758712351322,0.001
0.0044412934221327305,0.001
0.0044308309443295,0.001
0.004480768460780382,0.001
0.004395090043544769,0.001
0.004402436316013336,0.001
0.004375084303319454,0.001
0.004352056421339512,0.001
0.004305892623960972,0.001
0.00432104105129838,0.001
0.004314756486564875,0.001
0.004282405599951744,0.001
0.00430687703192234,0.001
0.004281584173440933,0.001
0.004307270981371403,0.001
0.004263195209205151,0.001
0.004212208092212677,0.001
0.004236364737153053,0.001
0.004204595927149057,0.001
0.004189097322523594,0.001
0.004162709228694439,0.001
0.004178185481578112,0.001
0.004154768772423267,0.001
0.004125810693949461,0.001
0.004113530740141869,0.001
0.0041498830541968346,0.001
0.004099666606634855,0.001
0.004095625132322311,0.001
0.004098942503333092,0.001
0.004064512439072132,0.001
0.004051858559250832,0.001
0.004037238657474518,0.001
0.004050447139889002,0.001
0.003996473271399736,0.001
0.004011769779026508,0.001
0.004023169167339802,0.001
0.003938286565244198,0.001
0.0039391047321259975,0.001
0.003956143744289875,0.001
0.003931057173758745,0.001
0.003930852748453617,0.001
0.003899417584761977,0.001
0.0038969451561570168,0.001
0.003928043879568577,0.001
0.003885244019329548,0.001
0.003872131695970893,0.001
0.003830280154943466,0.001
0.0038268030621111393,0.001
0.003827217500656843,0.001
0.0038416078314185143,0.001
0.003803469240665436,0.001
0.0038084841798990965,0.001
0.003783715423196554,0.001
0.00382006517611444,0.001
0.0037614707835018635,0.001
0.0037956354208290577,0.001
0.003761271946132183,0.001
0.0037869992665946484,0.001
0.003717611776664853,0.001
0.003725908463820815,0.001
0.0037057141307741404,0.001
0.0036761544179171324,0.001
0.0037348689511418343,0.001
0.0036610178649425507,0.001
0.0036605489440262318,0.001
0.003644537879154086,0.001
0.00367556931450963,0.001
0.0036023033317178488,0.001
0.003616320202127099,0.001
0.003570770611986518,0.001
0.0035805387888103724,0.001
0.003584203775972128,0.001
0.003562568686902523,0.001
0.0035533655900508165,0.001
0.0035139424726366997,0.001
0.0035422490909695625,0.001
0.003504922380670905,0.001
0.003494977718219161,0.001
0.0035273090470582247,0.001
0.0035244193859398365,0.001
0.0034683458507061005,0.001
0.003466451307758689,0.001
0.0034752055071294308,0.001
0.003467317670583725,0.001
0.003446672111749649,0.001
0.0034404434263706207,0.001
0.0034374077804386616,0.001
0.00342249171808362,0.001
0.00340990349650383,0.001
0.003433048725128174,0.001
0.003394367638975382,0.001
0.0034055274445563555,0.001
0.0033897997345775366,0.001
0.0033753286115825176,0.001
0.0033888083416968584,0.001
0.003333772998303175,0.001
0.0033233906142413616,0.001
0.0032915708143264055,0.001
0.003345143049955368,0.001
0.003311638720333576,0.001
0.003301983466371894,0.001
0.0032783763017505407,0.001
0.0032574329525232315,0.001
0.003259459976106882,0.001
0.0032630907371640205,0.001
0.0032586809247732162,0.001
0.0032849162817001343,0.001
0.0032132805790752172,0.001
0.0032221819274127483,0.001
0.003188127651810646,0.001
0.003220761427655816,0.001
0.003180937608703971,0.001
0.0031813601963222027,0.001
0.0031610215082764626,0.001
0.0031983740627765656,0.001
0.003197179175913334,0.001
0.003155604237690568,0.001
0.003153430297970772,0.001
0.003155541606247425,0.001
0.003111190628260374,0.001
0.0030851440969854593,0.001
0.003091398160904646,0.001
0.003127806354314089,0.001
0.003089211881160736,0.001
0.0030658203177154064,0.001
0.003066286677494645,0.001
0.0030543021857738495,0.001
0.003045410383492708,0.001
0.003024759702384472,0.001
0.003070392645895481,0.001
0.0030365842394530773,0.001
0.0030364536214619875,0.001
0.003044785000383854,0.001
0.0029827184043824673,0.001
0.0029954088386148214,0.001
0.002981591271236539,0.001
0.002971785608679056,0.001
0.0030011124908924103,0.001
0.0029594891238957644,0.001
0.0029372614808380604,0.001
0.002913130447268486,0.001
0.0029073739424347878,0.001
0.002956243697553873,0.001
0.0029181328136473894,0.001
0.002933675888925791,0.001
0.0028934315778315067,0.001
0.00290449196472764,0.001
0.0028814473189413548,0.001
0.002891858806833625,0.001
0.002856477629393339,0.001
0.002873743884265423,0.001
0.0028611570596694946,0.001
0.002834484912455082,0.001
0.002842035610228777,0.001
0.00285921199247241,0.001
0.002826742362231016,0.001
0.002846181858330965,0.001
0.0028455653227865696,0.001
0.0027893404476344585,0.001
0.0028289963956922293,0.001
0.0028130104765295982,0.001
0.002863782923668623,0.001
0.002852335339412093,0.001
0.0027628266252577305,0.001
0.0027877851389348507,0.001
0.002779940143227577,0.001
0.002756163477897644,0.001
0.002768085338175297,0.001
0.0027287534903734922,0.001
0.002722429344430566,0.001
0.0027231392450630665,0.001
0.0027524735778570175,0.001
0.0027022657450288534,0.001
0.002682347781956196,0.001
0.00270848348736763,0.001
0.0026916051283478737,0.001
0.00270446902140975,0.001
0.002668194705620408,0.001
0.0026519540697336197,0.001
0.002648528665304184,0.001
0.0026733519043773413,0.001
0.002655824413523078,0.001
0.0026491328608244658,0.001
0.0026243971660733223,0.001
0.002618088386952877,0.001
0.0026123421266674995,0.001
0.002618910279124975,0.001
0.002636490622535348,0.001
0.0025834469124674797,0.001
0.002576044062152505,0.001
0.002623087028041482,0.001
0.0025690544862300158,0.001
0.0025699713733047247,0.001
0.002542488742619753,0.001
0.0025570038706064224,0.001
0.0025589633733034134,0.001
0.0025196971837431192,0.001
0.0025210706517100334,0.001
0.0025273566134274006,0.001
0.0025127397384494543,0.001
0.002543641719967127,0.001
0.0025088773109018803,0.001
0.0025152908638119698,0.001
0.0024919111747294664,0.001
0.0024635400623083115,0.001
0.0025392742827534676,0.001
0.0024871581699699163,0.001
0.0024629225954413414,0.001
0.002442700322717428,0.001
0.0024931752122938633,0.001
0.002449548337608576,0.001
0.002450141590088606,0.001
0.0024515402037650347,0.001
0.0024511590600013733,0.001
0.0024045074824243784,0.001
0.002431001514196396,0.001
0.0024496163241565228,0.001
0.0024063887540251017,0.001
0.0024022809229791164,0.001
0.002429054817184806,0.001
0.002379341283813119,0.001
0.002386803273111582,0.001
0.0023802700452506542,0.001
0.0023636743426322937,0.001
0.002358265919610858,0.001
0.002368851564824581,0.001
0.002352312672883272,0.001
0.0023512772750109434,0.001
0.002356128301471472,0.001
0.002347557572647929,0.001
0.0023147196043282747,0.001
0.002377416705712676,0.001
0.0023114585783332586,0.001
0.002319765742868185,0.001
0.002347257686778903,0.001
0.0022874586284160614,0.001
0.002344732405617833,0.001
0.002318258862942457,0.001
0.002314107958227396,0.001
0.0022796476259827614,0.001
0.002269327873364091,0.001
0.0022714356891810894,0.001
0.0022477135062217712,0.001
0.0022511333227157593,0.001
0.0022697974927723408,0.001
0.0022586339619010687,0.001
0.002265299204736948,0.001
0.0022609722800552845,0.001
0.002223227173089981,0.001
0.0022035196889191866,0.001
0.0022048242390155792,0.001
0.002215331420302391,0.001
0.002220951020717621,0.001
0.0021979566663503647,0.001
0.0021989948581904173,0.001
0.002211807295680046,0.001
0.0022167630959302187,0.001
0.0022012204863131046,0.001
0.0021708859130740166,0.001
0.00214396882802248,0.001
0.002169311512261629,0.001
0.0021785497665405273,0.001
0.0021602725610136986,0.001
0.002144355559721589,0.001
0.0021438519470393658,0.001
0.0021542252507060766,0.001
0.0021133674308657646,0.001
0.0021182652562856674,0.001
0.002133612520992756,0.001
0.0021319258958101273,0.001
0.002116182819008827,0.001
0.0020918170921504498,0.001
0.0020984732545912266,0.001
0.002100264187902212,0.001
0.002098900731652975,0.001
0.0020936306100338697,0.001
0.0020884948316961527,0.001
0.002068317960947752,0.001
0.0020851842127740383,0.001
0.0020666704513132572,0.001
0.0020609640050679445,0.001
0.0020576617680490017,0.001
0.0020704169292002916,0.001
0.0020507366862148046,0.001
0.002058257581666112,0.001
0.002035793848335743,0.001
0.0020386383403092623,0.001
0.0020529725588858128,0.001
0.0020620091818273067,0.001
0.0020385340321809053,0.001
0.0020104730501770973,0.001
0.0020315605215728283,0.001
0.002021653112024069,0.001
0.002006454626098275,0.001
0.0020021870732307434,0.001
0.0019948394037783146,0.001
0.001982839312404394,0.001
0.002002590335905552,0.001
0.001986011164262891,0.001
0.0019863462075591087,0.001
0.0019657379016280174,0.001
0.0019963611848652363,0.001
0.0019686901941895485,0.001
0.001939033274538815,0.001
0.0019778914283961058,0.001
0.0019256273517385125,0.001
0.001954152248799801,0.001
0.0019303932785987854,0.001
0.0019398900913074613,0.001
0.0019517388427630067,0.001
0.0019469292601570487,0.001
0.001930198515765369,0.001
0.0019348575733602047,0.001
0.001914129126816988,0.001
0.0019180048257112503,0.001
0.001906382036395371,0.001
0.0018968749791383743,0.001
0.001906313351355493,0.001
0.0019012815319001675,0.001
0.0018917199922725558,0.001
0.0018853629007935524,0.001
0.0018777564400807023,0.001
0.0018834988586604595,0.001
0.0018653406295925379,0.001
0.0018577962182462215,0.001
0.0018618167378008366,0.001
0.0018574619898572564,0.001
0.0018465010216459632,0.001
0.0018354650819674134,0.001
0.0018363003619015217,0.001
0.0018364789430052042,0.001
0.0018496906850486994,0.001
0.0018389091128483415,0.001
0.0018272126326337457,0.001
0.001827594474889338,0.001
0.0018175647128373384,0.001
0.0018085731426253915,0.001
0.0018461911240592599,0.001
0.0017901482060551643,0.001
0.0018282743403688073,0.001
0.0017942418344318867,0.001
0.0017906029243022203,0.001
0.0018059294670820236,0.001
0.0017821518704295158,0.001
0.0017958196112886071,0.001
0.0017828006530180573,0.001
0.0017721347976475954,0.001
0.0017751194536685944,0.001
0.0017702679615467787,0.001
0.0017743075732141733,0.001
0.0017646867781877518,0.001
0.0017471995670348406,0.001
0.0017517824890092015,0.001
0.0017661205492913723,0.001
0.0017496281070634723,0.001
0.001731396303512156,0.001
0.0017409767024219036,0.001
0.001719662919640541,0.001
0.001718563144095242,0.001
0.0017015475314110518,0.001
0.0017320052720606327,0.001
0.0017121224664151669,0.001
0.0017145902384072542,0.001
0.0017351243877783418,0.001
0.001709643518552184,0.001
0.0016862383345142007,0.001
0.0016989902360364795,0.001
0.001689743367023766,0.001
0.0017049028538167477,0.001
0.0016959987115114927,0.001
0.0016913574654608965,0.001
0.0016715435776859522,0.001
0.0016589132137596607,0.001
0.0016559869982302189,0.001
0.0016560114454478025,0.001
0.0016695706872269511,0.001
0.0016672901110723615,0.001
0.0016733824741095304,0.001
0.0016725664027035236,0.001
0.0016805201303213835,0.001
0.0016318752896040678,0.001
0.0016538507770746946,0.001
0.0016482812352478504,0.001
0.001621662057004869,0.001
0.0016437424346804619,0.001
0.0016154295299202204,0.001
0.0016370918601751328,0.001
0.0016229073517024517,0.001
0.0016059181652963161,0.001
0.0016036315355449915,0.001
0.0015946318162605166,0.001
0.0015940770972520113,0.001
0.0015908146742731333,0.001
0.0015814409125596285,0.001
0.0016142511740326881,0.001
0.0015690374420955777,0.001
0.0016031393315643072,0.001
0.0015908339992165565,0.001
0.0015935034025460482,0.001
0.00156858516857028,0.001
0.0015658176271244884,0.001
0.0015715662157163024,0.001
0.0015548625960946083,0.001
0.0015586870722472668,0.001
0.0015684448881074786,0.001
0.0015588984824717045,0.001
0.001574421301484108,0.001
0.001549238571897149,0.001
0.0015560081228613853,0.001
0.0015315914060920477,0.001
0.001538170618005097,0.001
0.0015695730689913034,0.001
0.0015380742261186242,0.001
0.0015359013341367245,0.001
0.0015155563596636057,0.001
0.0015132359694689512,0.001
0.0015139947645366192,0.001
0.0015122108161449432,0.001
0.0015313794137910008,0.001
0.0015204346273094416,0.001
0.0015090350061655045,0.001
0.001493025105446577,0.001
0.0014972388744354248,0.001
0.0015019180718809366,0.001
0.0015023141168057919,0.001
0.001501112594269216,0.001
0.0014820140786468983,0.001
0.001485612359829247,0.001
0.0014769522240385413,0.001
0.0014651513192802668,0.001
0.001470828428864479,0.001
0.001467734226025641,0.001
0.0014846187550574541,0.001
0.0015233245212584734,0.001
0.00145358603913337,0.001
0.0014597252011299133,0.001
0.001458765473216772,0.001
0.0014585265889763832,0.001
0.001478537917137146,0.001
0.0014395529869943857,0.001
0.001452046912163496,0.001
0.001451196614652872,0.001
0.001436791499145329,0.001
0.0014342665672302246,0.001
0.0014343278016895056,0.001
0.001427419949322939,0.001
0.0014417050406336784,0.001
0.0014172446681186557,0.001
0.0014223791658878326,0.001
0.001421946450136602,0.001
0.0014093592762947083,0.001
0.001422802684828639,0.001
0.0014099107356742024,0.001
0.001396562671288848,0.001
0.0014182912418618798,0.001
0.0014109036419540644,0.001
0.001414221478626132,0.001
0.0013994965702295303,0.001
0.0013888503890484571,0.001
0.0013902029022574425,0.001
0.0014147129841148853,0.001
0.0013766735792160034,0.001
0.0014007299905642867,0.001
0.00137676065787673,0.001
0.0013727790210396051,0.001
0.0013837992446497083,0.001
0.0013786451891064644,0.001
0.0013649838510900736,0.001
0.0013624511193484068,0.001
0.001359699759632349,0.001
0.0013465569354593754,0.001
0.0013581131352111697,0.001
0.0013442316558212042,0.001
0.0013560617808252573,0.001
0.0013426279183477163,0.001
0.001342881005257368,0.001
0.0013467194512486458,0.001
0.0013420192990452051,0.001
0.0013481818605214357,0.001
0.0013197215739637613,0.001
0.001325808698311448,0.001
0.001335497130639851,0.001
0.001328389858826995,0.001
0.001326591009274125,0.001
0.0013160428497940302,0.001
0.0013361938763409853,0.001
0.001337448600679636,0.001
0.001313534565269947,0.001
0.0013124344404786825,0.001
0.0013068406842648983,0.001
0.0013124715769663453,0.001
0.0013268697075545788,0.001
0.001299348077736795,0.001
0.00128754077013582,0.001
0.0013011021073907614,0.001
0.0012908556964248419,0.001
0.001285633072257042,0.001
0.0012915657134726644,0.001
0.0012867003679275513,0.001
0.0012926049530506134,0.001
0.0012811889173462987,0.001
0.0012705092085525393,0.001
0.0012682558735832572,0.001
0.0012854753294959664,0.001
0.0012697767233476043,0.001
0.0012714731274172664,0.001
0.0012491398956626654,0.001
0.0012719988590106368,0.001
0.0012602295028045774,0.001
0.001248372020199895,0.001
0.0012524905614554882,0.001
0.0012501676101237535,0.001
0.0012455566320568323,0.001
0.00124363973736763,0.001
0.0012541539035737514,0.001
0.0012400923296809196,0.001
0.001242200843989849,0.001
0.001229322049766779,0.001
0.0012476245174184442,0.001
0.0012289041187614202,0.001
0.0012333164922893047,0.001
0.0012434625532478094,0.001
0.0012196790194138885,0.001
0.0012256120098754764,0.001
0.0012293754843994975,0.001
0.0012070229277014732,0.001
0.0012231881264597178,0.001
0.0012021376751363277,0.001
0.0012087826617062092,0.001
0.0012078557629138231,0.001
0.0012102392502129078,0.001
0.0011986334575340152,0.001
0.0012037220876663923,0.001
0.001209616893902421,0.001
0.001202198094688356,0.001
0.0011846732813864946,0.001
0.0011933878995478153,0.001
0.0011923090787604451,0.001
0.001177390106022358,0.001
0.0011963904835283756,0.001
0.00118902581743896,0.001
0.0011782314395532012,0.001
0.0011693128617480397,0.001
0.001175321638584137,0.001
0.001173294149339199,0.001
0.0011733223218470812,0.001
0.0011693190317600965,0.001
0.0011618667049333453,0.001
0.0011608375934883952,0.001
0.00115874782204628,0.001
0.0011755338637158275,0.001
0.0011596623808145523,0.001
0.0011398218339309096,0.001
0.00114715495146811,0.001
0.0011476310901343822,0.001
0.0011446898570284247,0.001
0.0011445670388638973,0.001
0.0011330916313454509,0.001
0.001132769975811243,0.001
0.00114241405390203,0.001
0.0011398500064387918,0.001
0.0011273919371888041,0.001
0.001128724543377757,0.001
0.001139592146500945,0.001
0.0011179440189152956,0.001
0.0011438718065619469,0.001
0.0011394284665584564,0.001
0.001114096026867628,0.001
0.001119198277592659,0.001
0.0011143949814140797,0.001
0.0011203752364963293,0.001
0.0011087566381320357,0.001
0.0011019965168088675,0.001
0.0011269984534010291,0.001
0.0010955135803669691,0.001
0.0011175943072885275,0.001
0.0010944309178739786,0.001
0.001091118436306715,0.001
0.0011022932594642043,0.001
0.0010836734436452389,0.001
0.0011036398354917765,0.001
0.001091866521164775,0.001
0.0010829867096617818,0.001
0.0010857265442609787,0.001
0.0010809614323079586,0.001
0.001078133238479495,0.001
0.001074260100722313,0.001
0.001075285254046321,0.001
0.001079060952179134,0.001
0.001095500192604959,0.001
0.0010695988312363625,0.001
0.001069145742803812,0.001
0.0010599861852824688,0.001
0.0010651140473783016,0.001
0.0010776203125715256,0.001
0.0010712306248024106,0.001
0.0010666935704648495,0.001
0.001064341515302658,0.001
0.0010568149155005813,0.001
0.0010704952292144299,0.001
0.0010581703390926123,0.001
0.0010420348262414336,0.001
0.0010529931169003248,0.001
0.0010374771663919091,0.001
0.0010341353481635451,0.001
0.001044519362039864,0.001
0.0010370227973908186,0.001
0.001049429876729846,0.001
0.0010314314858987927,0.001
0.001041935756802559,0.001
0.0010375890415161848,0.001
0.0010350266238674521,0.001
0.0010341990273445845,0.001
0.0010297232074663043,0.001
0.0010140686063095927,0.001
0.0010280490387231112,0.001
0.0010231330525130033,0.001
0.0010119000216946006,0.001
0.0009994955034926534,0.001
0.0010059812339022756,0.001
0.00100948684848845,0.001
0.001016536494717002,0.001
0.0010153228649869561,0.001
0.001002532197162509,0.001
0.0010020100744441152,0.001
0.0009906585328280926,0.001
0.0010116666089743376,0.001
0.0009955387795343995,0.001
0.0010052039287984371,0.001
0.0009930162923410535,0.001
0.0009977739537134767,0.001
0.0009939747396856546,0.001
0.0009971302933990955,0.001
0.0009839158738031983,0.001
0.0010011466220021248,0.001
0.0009784961584955454,0.001
0.0009771332843229175,0.001
0.0009864391759037971,0.001
0.0009778097737580538,0.001
0.0009815304074436426,0.001
0.000993677880614996,0.001
0.0009677659254521132,0.001
0.0009770112810656428,0.001
0.0009652396547608078,0.001
0.0009694533655419946,0.001
0.0009630424319766462,0.001
0.0009576393058523536,0.001
0.0009710540762171149,0.001
0.000961584912147373,0.001
0.0009502009488642216,0.001
0.0009612104622647166,0.001
0.0009582052007317543,0.001
0.0009532217518426478,0.001
0.0009440570720471442,0.001
0.0009483214234933257,0.001
0.0009449655772186816,0.001
0.0009411302162334323,0.001
0.0009432905935682356,0.001
0.0009588181274011731,0.001
0.0009493865072727203,0.001
0.0009540020255371928,0.001
0.000929863250348717,0.001
0.0009393870714120567,0.001
0.0009246509871445596,0.001
0.0009482745663262904,0.001
0.0009317158255726099,0.001
0.000931955873966217,0.001
0.000930137000977993,0.001
0.0009185214876197278,0.001
0.0009190801647491753,0.001
0.0009351293556392193,0.001
0.0009245682158507407,0.001
0.0009162217611446977,0.001
0.0009237468475475907,0.001
0.0009119395399466157,0.001
0.0009029154316522181,0.001
0.0009199889609590173,0.001
0.0009159159963019192,0.001
0.0009088034857995808,0.001
0.0008960346458479762,0.001
0.000911229697521776,0.001
0.0008926383452489972,0.001
0.0009050277876667678,0.001
0.0009141989867202938,0.001
0.0008935835212469101,0.001
0.0008987807668745518,0.001
0.000891975942067802,0.001
0.0008865470299497247,0.001
0.0008867770084179938,0.001
0.0008895161445252597,0.001
0.0008869101293385029,0.001
0.0008922419510781765,0.001
0.0008834936888888478,0.001
0.0008841854869388044,0.001
0.000896395999006927,0.001
0.0008693008567206562,0.001
0.0008742516511119902,0.001
0.0008905965369194746,0.001
0.0008676019497215748,0.001
0.000883372500538826,0.001
0.0008730296976864338,0.001
0.0008666483918204904,0.001
0.0008729473920539021,0.001
0.0008606978808529675,0.001
0.0008709136163815856,0.001
0.000864384463056922,0.001
0.0008597313426434994,0.001
0.0008647356298752129,0.001
0.0008593896636739373,0.001
0.0008602732559666038,0.001
0.0008636941201984882,0.001
0.0008463115664198995,0.001
0.0008570856880396605,0.001
0.0008536983514204621,0.001
0.0008518218528479338,0.001
0.0008524315198883414,0.001
0.0008513007778674364,0.001
0.0008630455122329295,0.001
0.0008372636511921883,0.001
0.0008528632461093366,0.001
0.0008529745391570032,0.001
0.0008367198752239347,0.001
0.0008509915205650032,0.001
0.0008294365834444761,0.001
0.0008453550981357694,0.001
0.000830947479698807,0.001
0.0008332844008691609,0.001
0.0008248569210991263,0.001
0.0008340912172570825,0.001
0.0008376722107641399,0.001
0.0008425054838880897,0.001
0.0008241340983659029,0.001
0.0008207391947507858,0.001
0.0008223007898777723,0.001
0.0008282270282506943,0.001
0.0008209613733924925,0.001
0.0008165977196767926,0.001
0.0008258103625848889,0.001
0.0008168149506673217,0.001
0.0008145642932504416,0.001
0.0008115408127196133,0.001
0.0008185763144865632,0.001
0.0008211538661271334,0.001
0.0008099167025648057,0.001
0.0008102817228063941,0.001
0.000797541462816298,0.001
0.0007989787263795733,0.001
0.000796626613009721,0.001
0.0007994997431524098,0.001
0.0008007120341062546,0.001
0.0008035632781684399,0.001
0.0007950030267238617,0.001
0.0008002517279237509,0.001
0.0008131178328767419,0.001
0.0007874562870711088,0.001
0.0007994305342435837,0.001
0.0007947032572701573,0.001
0.0007933539454825222,0.001
0.0007899896008893847,0.001
0.0007836978766135871,0.001
0.0007800693856552243,0.001
0.0007844557985663414,0.001
0.0007782755419611931,0.001
0.0007835536962375045,0.001
0.0007780581363476813,0.001
0.0007771503296680748,0.001
0.0007757130661047995,0.001
0.0007752052624709904,0.001
0.0007764559704810381,0.001
0.0007739022839814425,0.001
0.0007738359272480011,0.001
0.000777625828050077,0.001
0.0007787127397023141,0.001
0.0007600298267789185,0.001
0.0007684292504563928,0.001
0.0007724725874140859,0.001
0.0007576844072900712,0.001
0.0007527684792876244,0.001
0.0007501991931349039,0.001
0.000750497099943459,0.001
0.0007539974758401513,0.001
0.000750743318349123,0.001
0.0007550381124019623,0.001
0.0007602734258398414,0.001
0.0007622782723046839,0.001
0.0007621883996762335,0.001
0.0007479717023670673,0.001
0.0007478444022126496,0.001
0.0007459761691279709,0.001
0.0007540936348959804,0.001
0.0007483951048925519,0.001
0.0007811611285433173,0.001
0.0007362501928582788,0.001
0.0007509345305152237,0.001
0.0007467193063348532,0.001
0.0007402994087897241,0.001
0.0007313942769542336,0.001
0.000733635388314724,0.001
0.0007269259076565504,0.001
0.0007393858395516872,0.001
0.000742950476706028,0.001
0.0007322351448237896,0.001
0.0007297330303117633,0.001
0.0007299792487174273,0.001
0.000728274171706289,0.001
0.0007324221660383046,0.001
0.0007143924594856799,0.001
0.000721943040844053,0.001
0.0007278028642758727,0.001
0.0007131559541448951,0.001
0.0007193591445684433,0.001
0.0007113093161024153,0.001
0.0007148165605030954,0.001
0.0007157917134463787,0.001
0.0007127081044018269,0.001
0.0007140266243368387,0.001
0.0007107193232513964,0.001
0.0007277568802237511,0.001
0.0007132439641281962,0.001
0.0007125886040739715,0.001
0.000702878343872726,0.001
0.0006979479221627116,0.001
0.0007110839942470193,0.001
0.0007050156127661467,0.001
0.0006991021218709648,0.001
0.0007220363477244973,0.001
0.0007089537102729082,0.001
0.0006995631847530603,0.001
0.000700009404681623,0.001
0.0007018867181614041,0.001
0.0006962118204683065,0.001
0.0007033527945168316,0.001
0.0006959654856473207,0.001
0.000691676395945251,0.001
0.0006852056831121445,0.001
0.0006934563280083239,0.001
0.0006936732679605484,0.001
0.0006980046746321023,0.001
0.0006933507975190878,0.001
0.0006997826276347041,0.001
0.0006862241425551474,0.001
0.0006856065592728555,0.001
0.0006768264574930072,0.001
0.0006758060771971941,0.001
0.000683372316416353,0.001
0.0006975715514272451,0.001
0.0006835117819719017,0.001
0.0006712258327752352,0.001
0.0006850234931334853,0.001
0.0006722162943333387,0.001
0.0006717846263200045,0.001
0.0006718204822391272,0.001
0.0006654532626271248,0.001
0.000662490027025342,0.001
0.0006663915701210499,0.001
0.0006637483602389693,0.001
0.000659927143715322,0.001
0.0006812600186094642,0.001
0.0006611116114072502,0.001
0.0006598308682441711,0.001
0.0006704803672619164,0.001
0.0006597199244424701,0.001
0.0006585267838090658,0.001
0.000664999708533287,0.001
0.0006596073508262634,0.001
0.0006556386360898614,0.001
0.0006575442384928465,0.001
0.0006500217714346945,0.001
0.0006478695431724191,0.001
0.0006544003263115883,0.001
0.0006610645796172321,0.001
0.000648956629447639,0.001
0.0006481157033704221,0.001
0.0006503936601802707,0.001
0.0006452107336372137,0.001
0.0006538189481943846,0.001
0.0006435940158553421,0.001
0.0006465205224230886,0.001
0.0006423210725188255,0.001
0.0006385145243257284,0.001
0.0006415241514332592,0.001
0.000637234072200954,0.001
0.0006326764123514295,0.001
0.0006470574880950153,0.001
0.0006274107145145535,0.001
0.0006363106076605618,0.001
0.0006313429912552238,0.001
0.0006390869384631515,0.001
0.0006281030364334583,0.001
0.0006267328280955553,0.001
0.0006366103189066052,0.001
0.0006306346040219069,0.001
0.0006323474226519465,0.001
0.0006203196826390922,0.001
0.0006201339419931173,0.001
0.0006197548937052488,0.001
0.000627789762802422,0.001
0.0006195380119606853,0.001
0.000620021834038198,0.001
0.0006214523455128074,0.001
0.0006318698287941515,0.001
0.000620810897089541,0.001
0.0006154130678623915,0.001
0.0006192919099703431,0.001
0.000623395899310708,0.001
0.0006082325708121061,0.001
0.000609483802691102,0.001
0.000613266252912581,0.001
0.0006061099702492356,0.001
0.0006074722623452544,0.001
0.0006073678960092366,0.001
0.0006199539639055729,0.001
0.0006079490412957966,0.001
0.000603875785600394,0.001
0.0006022220477461815,0.001
0.0006038309074938297,0.001
0.0006017223349772394,0.001
0.0006042768945917487,0.001
0.0005947371246293187,0.001
0.0005931277992203832,0.001
0.0005975363892503083,0.001
0.0005955183878540993,0.001
0.000599569408223033,0.001
0.0005955040687695146,0.001
0.0005932464264333248,0.001
0.000589225091971457,0.001
0.0005945863085798919,0.001
0.0006078778533264995,0.001
0.0005977741093374789,0.001
0.0005899539683014154,0.001
0.0005916678346693516,0.001
0.0005872585461474955,0.001
0.0005900290561839938,0.001
0.000585426518227905,0.001
0.0005982195725664496,0.001
0.0005865428247489035,0.001
0.0005863487021997571,0.001
0.0005788649432361126,0.001
0.0005814788164570928,0.001
0.0005729515105485916,0.001
0.0005754090962000191,0.001
0.0005765631794929504,0.001
0.0005780301871709526,0.001
0.0005781113286502659,0.001
0.0005737701430916786,0.001
0.0005638499860651791,0.001
0.0005673804553225636,0.001
0.0005721162306144834,0.001
0.0005685865180566907,0.001
0.0005694277351722121,0.001
0.0005676712607964873,0.001
0.000566523231100291,0.001
0.0005691439146175981,0.001
0.000572786433622241,0.001
0.0005620694719254971,0.001
0.000561696826480329,0.001
0.0005671032122336328,0.001
0.0005625010235235095,0.001
0.0005583228776231408,0.001
0.0005629865336231887,0.001
0.0005625604535453022,0.001
0.000556014128960669,0.001
0.0005594769609160721,0.001
0.0005581371951848269,0.001
0.0005522232386283576,0.001
0.0005545468302443624,0.001
0.000560116721317172,0.001
0.0005556335672736168,0.001
0.0005533102084882557,0.001
0.0005490353214554489,0.001
0.0005522377323359251,0.001
0.0005510459304787219,0.001
0.0005513436626642942,0.001
0.0005519400583580136,0.001
0.0005563179729506373,0.001
0.0005496969679370522,0.001
0.0005509405746124685,0.001
0.0005447664298117161,0.001
0.0005491086049005389,0.001
0.0005469492170959711,0.001
0.0005453182384371758,0.001
0.0005423235706984997,0.001
0.0005398294888436794,0.001
0.0005337737966328859,0.001
0.0005452355835586786,0.001
0.0005444090347737074,0.001
0.0005362761439755559,0.001
0.0005358660710044205,0.001
0.0005337957991287112,0.001
0.0005328350234776735,0.001
0.0005294911679811776,0.001
0.0005383233074098825,0.001
0.0005329539999365807,0.001
0.0005400073132477701,0.001
0.0005335051682777703,0.001
0.0005286941304802895,0.001
0.000529833254404366,0.001
0.0005321935750544071,0.001
0.0005275545408949256,0.001
0.0005300266202539206,0.001
0.0005269955727271736,0.001
0.0005218414589762688,0.001
0.0005236587603576481,0.001
0.0005205009365454316,0.001
0.0005235018325038254,0.001
0.0005227274959906936,0.001
0.0005200387677177787,0.001
0.0005205081542953849,0.001
0.0005202327156439424,0.001
0.0005108630284667015,0.001
0.0005130001227371395,0.001
0.0005191892269067466,0.001
0.0005134025122970343,0.001
0.0005173348472453654,0.001
0.00051917415112257,0.001
0.0005144604947417974,0.001
0.0005110112251713872,0.001
0.0005126352189108729,0.001
0.000510147656314075,0.001
0.0005151968798600137,0.001
0.0005137890111654997,0.001
0.0005179966101422906,0.001
0.0005037642549723387,0.001
0.0005067583988420665,0.001
0.0005074443761259317,0.001
0.0005011123139411211,0.001
0.0004977912176400423,0.001
0.0004997796495445073,0.001
0.0004971133312210441,0.001
0.0005074278451502323,0.001
0.0005100577836856246,0.001
0.0005026391008868814,0.001
0.0004994889604859054,0.001
0.0004990566521883011,0.001
0.0005012016044929624,0.001
0.0004963455721735954,0.001
0.000494170468300581,0.001
0.0004897017497569323,0.001
0.0005001362878829241,0.001
0.000489716709125787,0.001
0.0004959437064826488,0.001
0.0005036134389229119,0.001
0.0004962780512869358,0.001
0.0004916897742077708,0.001
0.0004978792858310044,0.001
0.0004941173829138279,0.001
0.0004899550112895668,0.001
0.0004886511596851051,0.001
0.00048472604248672724,0.001
0.00048614118713885546,0.001
0.00048617852735333145,0.001
0.00048389233415946364,0.001
0.00048148600035347044,0.001
0.000481686758575961,0.001
0.00048823392717167735,0.001
0.000479869544506073,0.001
0.0004783054464496672,0.001
0.00048573812819086015,0.001
0.00049108627717942,0.001
0.0004813438281416893,0.001
0.00048517927643842995,0.001
0.00047824595822021365,0.001
0.00047197419917210937,0.001
0.0004811052931472659,0.001
0.00047092404565773904,0.001
0.0004823583585675806,0.001
0.0004721231816802174,0.001
0.00048070272896438837,0.001
0.0004730240907520056,0.001
0.0004724800237454474,0.001
0.00047379868919961154,0.001
0.00047200388507917523,0.001
0.0004689801426138729,0.001
0.00046893503167666495,0.001
0.00046199330245144665,0.001
0.00048170803347602487,0.001
0.0004703350132331252,0.001
0.00047000727499835193,0.001
0.00046100252075120807,0.001
0.00046514373389072716,0.001
0.000461047631688416,0.001
0.00046654429752379656,0.001
0.00046214181929826736,0.001
0.0004680407582782209,0.001
0.00046967947855591774,0.001
0.00046807073522359133,0.001
0.00045989290811121464,0.001
0.00046200022916309536,0.001
0.0004548720899038017,0.001
0.0004581343673635274,0.001
0.00045558015699498355,0.001
0.0004531368031166494,0.001
0.00045399361988529563,0.001
0.00045842494000680745,0.001
0.0004519077483564615,0.001
0.0004490996361710131,0.001
0.0004489881102927029,0.001
0.00045036571100354195,0.001
0.0004529504803940654,0.001
0.00044929306022822857,0.001
0.0004467609105631709,0.001
0.0004649021429941058,0.001
0.0004546183336060494,0.001
0.00044897268526256084,0.001
0.00044671574141830206,0.001
0.0004462320066522807,0.001
0.00044967318535782397,0.001
0.00044800396426580846,0.001
0.00044291000813245773,0.001
0.0004544684197753668,0.001
0.00044292458915151656,0.001
0.00044419063488021493,0.001
0.00045455279177986085,0.001
0.0004376957658678293,0.001
0.0004457109607756138,0.001
0.0004390364629216492,0.001
0.0004365041386336088,0.001
0.0004344930057413876,0.001
0.0004367198853287846,0.001
0.00044298358261585236,0.001
0.00043792667565867305,0.001
0.00043339066905900836,0.001
0.00043211676529608667,0.001
0.0004344999906606972,0.001
0.00042809476144611835,0.001
0.0004311485681682825,0.001
0.0004304631147533655,0.001
0.0004305599140934646,0.001
0.0004331743693910539,0.001
0.0004323771863710135,0.001
0.0004245491581968963,0.001
0.0004276101244613528,0.001
0.0004263516457285732,0.001
0.0004266864852979779,0.001
0.0004267088370397687,0.001
0.00043200451182201505,0.001
0.0004249514895491302,0.001
0.00041902202065102756,0.001
0.0004219713737256825,0.001
0.0004222993738949299,0.001
0.0004263735027052462,0.001
0.00042658200254663825,0.001
0.0004217329842504114,0.001
0.00041724173934198916,0.001
0.00042073457734659314,0.001
0.00042105524335056543,0.001
0.00041928200516849756,0.001
0.0004180831019766629,0.001
0.0004202207492198795,0.001
0.0004160950775258243,0.001
0.0004125936538912356,0.001
0.00041777046862989664,0.001
0.0004144256527069956,0.001
0.0004130328889004886,0.001
0.0004173600464127958,0.001
0.00041470848373137414,0.001
0.0004157884977757931,0.001
0.00040699238888919353,0.001
0.00041931908344849944,0.001
0.00041231763316318393,0.001
0.0004076921904925257,0.001
0.00040988961700350046,0.001
0.0004073571471963078,0.001
0.00041369558311998844,0.001
0.00040696983342058957,0.001
0.0004119147779420018,0.001
0.00040751323103904724,0.001
0.0004128464206587523,0.001
0.0004023516084998846,0.001
0.00040362513391301036,0.001
0.00040366221219301224,0.001
0.00040112246642820537,0.001
0.00040611327858641744,0.001
0.0004047274705953896,0.001
0.00040349087794311345,0.001
0.0004008688556496054,0.001
0.00040576187893748283,0.001
0.0003984927025157958,0.001
0.000397844793042168,0.001
0.0003978225286118686,0.001
0.0003970847756136209,0.001
0.0003970031684730202,0.001
0.000394582049921155,0.001
0.00039561017183586955,0.001
0.00039470879710279405,0.001
0.00040633525350131094,0.001
0.00039581843884661794,0.001
0.00040045971400104463,0.001
0.00038924143882468343,0.001
0.0003958329907618463,0.001
0.00039334563189186156,0.001
0.00039090230711735785,0.001
0.00038679823046550155,0.001
0.0003890179796144366,0.001
0.00039027680759318173,0.001
0.00039008326712064445,0.001
0.0003870440705213696,0.001
0.00038817577296867967,0.001
0.00038848124677315354,0.001
0.0003820605925284326,0.001
0.0003836476244032383,0.001
0.00038103273254819214,0.001
0.00039403760456480086,0.001
0.0003852784284390509,0.001
0.0003810179769061506,0.001
0.00038340140599757433,0.001
0.00038383351056836545,0.001
0.0003790664195548743,0.001
0.0003826562606263906,0.001
0.0003867531195282936,0.001
0.00038171044434420764,0.001
0.0003769730683416128,0.001
0.00037674224586226046,0.001
0.00037966202944517136,0.001
0.00037781443097628653,0.001
0.00037782976869493723,0.001
0.0003794979420490563,0.001
0.0003766898880712688,0.001
0.00037670478923246264,0.001
0.000373792223399505,0.001
0.0003756766382139176,0.001
0.0003756466321647167,0.001
0.0003792819334194064,0.001
0.0003706042771227658,0.001
0.0003705821873154491,0.001
0.00037346442695707083,0.001
0.00037510308902710676,0.001
0.0003726375289261341,0.001
0.00037204904947429895,0.001
0.0003671406302601099,0.001
0.0003708571894094348,0.001
0.00037034304114058614,0.001
0.00036906974855810404,0.001
0.00036925580934621394,0.001
0.00036351289600133896,0.001
0.0003646971599664539,0.001
0.00036399689270183444,0.001
0.0003657023480627686,0.001
0.00036457780515775084,0.001
0.00036620860919356346,0.001
0.00036623881896957755,0.001
0.00036446581361815333,0.001
0.0003641081275418401,0.001
0.0003644732933025807,0.001
0.00036402622936293483,0.001
0.000367690809071064,0.001
0.000369642541045323,0.001
0.00035911009763367474,0.001
0.0003631696163211018,0.001
0.00036124815233051777,0.001
0.0003585066879168153,0.001
0.0003640411887317896,0.001
0.0003594901645556092,0.001
0.00035997433587908745,0.001
0.0003639071946963668,0.001
0.0003562273341231048,0.001
0.00035464827669784427,0.001
0.0003670871374197304,0.001
0.0003582608769647777,0.001
0.00035579552059061825,0.001
0.0003601675562094897,0.001
0.0003487788198981434,0.001
0.0003534340939950198,0.001
0.00036006286973133683,0.001
0.00035271150409244,0.001
0.0003569718392100185,0.001
0.00034900958416983485,0.001
0.00035107278381474316,0.001
0.00034848813083954155,0.001
0.00034764636075124145,0.001
0.0003467151545919478,0.001
0.0003482348402030766,0.001
0.00034610432339832187,0.001
0.00035160096012987196,0.001
0.00035087153082713485,0.001
0.0003450240474194288,0.001
0.0003467671340331435,0.001
0.0003442344022914767,0.001
0.0003448008210398257,0.001
0.0003439217107370496,0.001
0.0003410983772482723,0.001
0.00034360887366347015,0.001
0.00033948227064684033,0.001
0.00034007042995654047,0.001
0.00034150798455812037,0.001
0.00033680041087791324,0.001
0.00035172729985788465,0.001
0.00034200685331597924,0.001
0.0003407929034437984,0.001
0.0003379101399332285,0.001
0.00034038309240713716,0.001
0.0003374709631316364,0.001
0.00033699453342705965,0.001
0.00033958675339818,0.001
0.00033963806345127523,0.001
0.0003372103092260659,0.001
0.0003340665134601295,0.001
0.0003385065356269479,0.001
0.0003345805744174868,0.001
0.00033227866515517235,0.001
0.000339928490575403,0.001
0.0003304239362478256,0.001
0.00033732110750861466,0.001
0.00033358216751366854,0.001
0.00033437920501455665,0.001
0.00032866609399206936,0.001
0.00032631211797706783,0.001
0.0003267886640969664,0.001
0.00032973100314848125,0.001
0.00032879249192774296,0.001
0.0003326584701426327,0.001
0.0003281144890934229,0.001
0.00032614063820801675,0.001
0.00032643863232806325,0.001
0.0003241741214878857,0.001
0.00032774213468655944,0.001
0.0003268036525696516,0.001
0.0003269748413003981,0.001
0.00032363805803470314,0.001
0.0003247775021009147,0.001
0.00032821117201820016,0.001
0.00032406969694420695,0.001
0.00032102331169880927,0.001
0.00032697420101612806,0.001
0.0003237714117858559,0.001
0.0003198834019713104,0.001
0.00032144744182005525,0.001
0.00032152936910279095,0.001
0.0003194886667188257,0.001
0.0003211049479432404,0.001
0.0003178645274601877,0.001
0.0003211197326891124,0.001
0.00031960027990862727,0.001
0.0003200395149178803,0.001
0.00031899663736112416,0.001
0.00031676958315074444,0.001
0.0003169703995808959,0.001
0.00031827398925088346,0.001
0.000313901633489877,0.001
0.00032229628413915634,0.001
0.0003182365617249161,0.001
0.00031256076181307435,0.001
0.0003122480120509863,0.001
0.0003124936483800411,0.001
0.0003166873939335346,0.001
0.00031195010524243116,0.001
0.0003105125215370208,0.001
0.00031040041358210146,0.001
0.00031002069590613246,0.001
0.0003098791348747909,0.001
0.00031243430566973984,0.001
0.00031036316067911685,0.001
0.0003141916822642088,0.001
0.0003105269279330969,0.001
0.0003096329455729574,0.001
0.0003069066151510924,0.001
0.000304053770378232,0.001
0.00030715257162228227,0.001
0.00031173386378213763,0.001
0.0003085603239014745,0.001
0.00030391220934689045,0.001
0.0003065119672100991,0.001
0.0003102436603512615,0.001
0.0003042324387934059,0.001
0.00030365161364898086,0.001
0.0003001354925800115,0.001
0.00030340568628162146,0.001
0.0002989436616189778,0.001
0.00030337556381709874,0.001
0.0003020049771293998,0.001
0.00031056354055181146,0.001
0.0002957330143544823,0.001
0.0003010961809195578,0.001
0.0003004483587574214,0.001
0.000297036487609148,0.001
0.0003089238307438791,0.001
0.0002987647312693298,0.001
0.00029935294878669083,0.001
0.0003029286162927747,0.001
0.00030361389508470893,0.001
0.0002971930371131748,0.001
0.00029802712379023433,0.001
0.00029439962236210704,0.001
0.00029384082881733775,0.001
0.0002936694072559476,0.001
0.00029528597951866686,0.001
0.0002953677612822503,0.001
0.000292529643047601,0.001
0.00029574017389677465,0.001
0.0002944811712950468,0.001
0.00029176982934586704,0.001
0.0002939896658062935,0.001
0.0002908908063545823,0.001
0.00029469752917066216,0.001
0.00029060026281513274,0.001
0.00029280525632202625,0.001
0.0002975126844830811,0.001
0.00029048864962533116,0.001
0.0002883358974941075,0.001
0.0002882836270146072,0.001
0.0002949428162537515,0.001
0.0002898552920669317,0.001
0.00029036920750513673,0.001
0.00028610078152269125,0.001
0.00028898369055241346,0.001
